ID,Description,setSize,enrichmentScore,NES,pvalue,p.adjust,qvalue,rank,leading_edge,core_enrichment,log2err
hsa03010,Ribosome,178,0.557113443224266,2.15525876348885,7.76737555977102e-08,2.7341161970394e-05,2.46002742416735e-05,4749,"tags=61%, list=28%, signal=44%",6231/11224/26589/29074/11222/65003/84311/3396/51069/6173/55173/51253/6159/51187/6183/64976/51073/84545/9801/6229/10884/6170/6203/51649/54998/51121/51065/6147/200916/6161/64963/7818/64949/6157/6175/10240/51373/6150/6209/60488/6187/6152/6136/6223/57129/6182/6169/92259/6130/7311/6217/100008587/109864281/106632260/109910381/109864274/124995/65080/4736/51258/65993/6156/6132/6146/10573/63875/65008/51642/6207/6155/6135/6134/6158/6218/6154/6227/6167/6138/6176/6171/6208/6181/6202/6165/6143/6204/6139/6233/29088/6193/28977/6206/51116/6122/6192/64960/64951/6234/9045/6201/23107/6128/6166/79590/6188/6224/6124/6210/6141,0.704975715167238
hsa03040,Spliceosome,140,0.555145646566069,2.13452960123958,1.7259401744073e-05,0.00303765470695685,0.00273313690630875,2383,"tags=35%, list=14%, signal=30%",51645/22916/4809/51690/6636/29896/102724594/8175/3312/6633/6635/11017/23658/56949/83443/25804/3303/6432/3192/10992/9128/6427/10450/6627/6632/10189/23020/4670/51639/11157/4686/6634/27339/11325/10285/10262/2521/10291/6631/57819/10594/10907/220988/8683/6426/5093/84950/11338/7919,0.575610261071129
hsa03013,Nucleocytoplasmic transport,102,0.581418855412328,2.10946024656037,0.000191062132297302,0.0224179568562167,0.0201706089594183,2659,"tags=35%, list=16%, signal=30%",65110/22916/29107/23039/55706/10921/9631/7329/348995/1434/51068/1917/10189/3836/4686/3839/23214/6612/3837/5976/9688/10250/9972/9818/10526/57122/7341/3838/100101267/5901/81929/7919/23511/129401/7514/9883,0.518848077743792
hsa03008,Ribosome biogenesis in eukaryotes,79,0.579311602147827,2.0458247005901,0.000381434717599509,0.0335662551487568,0.0302013163456456,3027,"tags=51%, list=18%, signal=42%",4809/29107/55505/55226/1736/81691/83732/84135/102724159/51068/51602/27341/166378/26354/51077/92856/134430/10528/55781/23560/55651/65083/10436/1457/10248/9790/3692/29889/102157402/6949/54433/5901/7514/100008587/109864281/106632260/109910381/109864274/28987/23160,0.49849310876659
hsa04914,Progesterone-mediated oocyte maturation,91,0.556482989230075,2.0123679584618,0.000911071247901915,0.0458138684659249,0.0412211349888532,619,"tags=14%, list=4%, signal=14%",3320/102723555/729597/441273/8881/109/100310812/993/3326/5600/285955/196883/25847,0.477270815362862
hsa00100,Steroid biosynthesis,18,0.747468490779605,2.01114957300259,0.00164097557637649,0.0641803780982804,0.0577464448607428,2163,"tags=61%, list=13%, signal=53%",4047/6713/10682/1595/51478/6307/50814/1594/1718/3930/1717,0.45505986738723
hsa00531,Glycosaminoglycan degradation,17,-0.744701809142844,-1.86864763816512,0.000892164313877748,0.0458138684659249,0.0412211349888532,2968,"tags=71%, list=18%, signal=58%",2799/2588/411/23553/6448/3425/3073/3373/4669/3074/138050/2720,0.477270815362862
hsa03060,Protein export,30,0.626377182775097,1.86075877927479,0.00289250149780515,0.0783200405559548,0.0704686391303258,2015,"tags=37%, list=12%, signal=32%",6734/29927/6449/7917/58477/6730/10952/55176/60559/23480/196294,0.431707695803346
hsa03030,DNA replication,35,0.596367434137681,1.81272641339158,0.00819286932258591,0.152491708574495,0.137204770396226,1975,"tags=29%, list=12%, signal=25%",5982/6742/54107/4176/4175/246243/23649/6118/6119/6117,0.380730400722792
hsa05410,Hypertrophic cardiomyopathy,80,-0.508473841867478,-1.77983662487895,0.000529685578745888,0.0372898647437105,0.0335516427620568,3066,"tags=39%, list=18%, signal=32%",3672/3674/6546/3680/9254/784/781/5562/8516/7273/3691/3655/6443/6543/3908/489/8082/8910/3685/1636/782/1674/1756/6445/6547/3695/6262/3690/783/59283/6641,0.477270815362862
hsa05412,Arrhythmogenic right ventricular cardiomyopathy,76,-0.496584380323355,-1.69695447709298,0.00132534123606517,0.0583150143868677,0.052469070183538,3066,"tags=39%, list=18%, signal=32%",3672/3674/6546/3680/9254/1495/784/781/8516/3691/3655/6443/6543/3908/489/8082/8910/3685/782/1674/1756/6445/6547/1499/3695/6262/3690/783/59283/6641,0.45505986738723
hsa00120,Primary bile acid biosynthesis,14,-0.685903042281584,-1.69600829576871,0.0144566364330063,0.21955011755409,0.197540730253918,1717,"tags=29%, list=10%, signal=26%",1593/8309/23600/3295,0.380730400722792
hsa04110,Cell cycle,155,0.440040947413125,1.67906459516213,0.0023994038116999,0.0703825118098636,0.0633268291309391,2663,"tags=25%, list=16%, signal=21%",8881/9184/1026/993/1111/6502/8317/1647/4193/4176/5529/4175/25847/7465/1022/1663/7534/898/7027/7157/990/4088/2932/23595/8555/8556/1875/1021/1019/1871/27085/51529/4085/9134/1870/27127/10926/1874,0.431707695803346
hsa05414,Dilated cardiomyopathy,84,-0.468047525401551,-1.63253786487053,0.00189068934593293,0.0665522649768391,0.0598805556108987,3066,"tags=38%, list=18%, signal=31%",3672/3674/6546/3680/9254/784/781/8516/2778/7273/3691/112/3655/6443/6543/3908/489/8082/8910/3685/782/108/1674/1756/6445/6547/3695/6262/3690/783/59283/6641,0.45505986738723
hsa05216,Thyroid cancer,37,0.526735390874077,1.62777628028709,0.0198749340574303,0.258625552467287,0.232698943939869,1885,"tags=16%, list=11%, signal=14%",6257/1026/1647/7157/10342/4893,0.352487857583619
hsa03420,Nucleotide excision repair,59,0.478895623499708,1.57892708786825,0.0149693261968698,0.21955011755409,0.197540730253918,2611,"tags=31%, list=16%, signal=26%",5982/5433/5434/5886/54107/5435/1022/2067/5438/6118/5437/6119/2068/6117/5432/81488/2967/5887,0.380730400722792
hsa04744,Phototransduction,15,-0.626210574541854,-1.57388002087116,0.0336800608266022,0.289155644169853,0.260168465144558,2106,"tags=47%, list=13%, signal=41%",9187/2979/91860/805/2978/8787/5158,0.321775918075361
hsa05340,Primary immunodeficiency,20,-0.593366293532621,-1.56033831925854,0.0291505252942991,0.289155644169853,0.260168465144558,2338,"tags=30%, list=14%, signal=26%",5896/6890/5993/920/8517/6891,0.352487857583619
hsa04610,Complement and coagulation cascades,46,-0.495313242366863,-1.55894268972593,0.0165081551744725,0.232434824856573,0.209133775696097,2917,"tags=43%, list=17%, signal=36%",715/1191/716/10747/4179/5054/84830/730/5328/728/10544/629/2157/2/710/7035/5627/720/110384692/721,0.352487857583619
hsa05207,Chemical carcinogenesis - receptor activation,157,0.399892883141921,1.55734486610761,0.0113405498017655,0.190089215724832,0.171033215131058,2651,"tags=26%, list=16%, signal=22%",6257/3320/688/1388/109/993/10683/3326/2947/119391/196883/10728/8822/1555/3836/23746/3839/468/990/3837/54567/1956/2250/4853/4790/4893/9586/2052/1136/3838/89832/409/2952/778/1544/1978/774/85315/7421/2254/6198,0.380730400722792
hsa04514,Cell adhesion molecule (CAM) interaction,111,-0.429368010951043,-1.55252491809594,0.00389444752594364,0.0979175377951544,0.0881015329721014,2688,"tags=32%, list=16%, signal=27%",64101/84628/4684/22854/7122/23705/58494/1003/8516/9369/3107/2734/5819/22865/3383/57555/26047/3655/4359/139065/57863/3685/6383/9071/5789/214/3695/4897/4685/1002/920/965/79679/3115/25945,0.431707695803346
hsa00604,Glycosphingolipid biosynthesis - ganglio series,15,-0.61318721161936,-1.54114788324594,0.0465102258077032,0.327347935555333,0.294532068381979,2550,"tags=40%, list=15%, signal=34%",9197/8705/256435/3073/3074/2720,0.321775918075361
hsa04115,p53 signaling pathway,73,0.44611536242484,1.53191067405366,0.0250204828211816,0.284103546872772,0.255622828820162,2548,"tags=30%, list=15%, signal=26%",9538/1026/64393/1111/8795/1647/4193/5366/83667/8493/55367/27244/898/7157/4194/1021/1019/63970/27113/9134/836/5728,0.352487857583619
hsa03020,RNA polymerase,31,0.518975938668438,1.52157722950291,0.0280475718009357,0.289155644169853,0.260168465144558,2330,"tags=39%, list=14%, signal=33%",5433/5434/5435/221830/5438/5437/5432/10849/81488/661/64425/51728,0.352487857583619
hsa04218,Cellular senescence,144,0.396226028914185,1.51642109998543,0.0247588858131924,0.284103546872772,0.255622828820162,2663,"tags=24%, list=16%, signal=20%",3105/1026/993/5481/2309/1111/1647/4193/5600/90550/3106/4775/7048/898/7157/5928/4088/4790/4893/291/1875/1021/5603/1019/1871/6300/7417/5606/9134/1870/1978/6009/5728/1874,0.352487857583619
hsa04114,Oocyte meiosis,114,0.408045413232018,1.51468017289309,0.0242229791938592,0.284103546872772,0.255622828820162,619,"tags=10%, list=4%, signal=9%",102723555/729597/441273/8881/109/100310812/5529/5600/285955/196883/25847,0.352487857583619
hsa04156,Integrated stress response (ISR) signaling pathway,50,0.473949781445249,1.50968846659377,0.0452602255181141,0.327347935555333,0.294532068381979,2571,"tags=30%, list=15%, signal=25%",3320/3329/84919/3326/8795/5366/8894/1967/1965/468/467/51142/64223/27113/11337,0.321775918075361
hsa04924,Renin secretion,52,-0.459023999594974,-1.49333870617742,0.0311233565070646,0.289155644169853,0.260168465144558,4523,"tags=44%, list=27%, signal=32%",1908/776/3708/111/116/3710/2977/3778/5332/5136/5530/23236/2778/112/358/5330/154/91860/805/1636/5139/2770/5137,0.352487857583619
hsa05160,Hepatitis C,122,-0.400211410142025,-1.49140970501161,0.00944415354143721,0.166217102329295,0.149554225434335,1068,"tags=13%, list=6%, signal=12%",9641/8737/7132/208/1499/9071/3434/5610/7098/841/6774/9021/8517/8837/3665/6041,0.380730400722792
hsa03050,Proteasome,43,0.464477365602553,1.48247741932815,0.0453475933975032,0.327347935555333,0.294532068381979,3365,"tags=33%, list=20%, signal=26%",5690/5688/5682/5709/5687/5718/5704/5708/5705/23198/5694/11047/5683/9491,0.321775918075361
hsa03015,mRNA surveillance pathway,88,0.413901438989762,1.4760543323289,0.0496752783084828,0.329835082458771,0.296769884608303,1751,"tags=19%, list=10%, signal=17%",65110/22916/29107/10921/8761/80335/5529/10189/4686/1478/29101/2521/23049/10914/5976/10250/2935,0.321775918075361
hsa03410,Base excision repair,44,0.471702140852751,1.47570093578777,0.0308637908245141,0.289155644169853,0.260168465144558,3369,"tags=23%, list=20%, signal=18%",5982/10038/54107/4913/10039/252969/5423/328/5425/5983,0.352487857583619
hsa00350,Tyrosine metabolism,23,-0.547133165355277,-1.47386218177955,0.0474282520264828,0.327347935555333,0.294532068381979,1847,"tags=22%, list=11%, signal=19%",2954/221/2184/4128/6898,0.321775918075361
hsa04211,Longevity regulating pathway,81,0.419624336182855,1.47010713655864,0.0346156086411701,0.29011176765933,0.261028739483867,3116,"tags=28%, list=19%, signal=23%",1388/109/2309/60673/196883/814/83667/5563/847/79602/27244/468/7157/1977/4790/4893/9586/1978/6009/6198/5566/6199/57521,0.321775918075361
hsa03018,RNA degradation,74,0.426174216588939,1.46955424602942,0.0312958336312985,0.289155644169853,0.260168465144558,2608,"tags=31%, list=16%, signal=26%",51690/3329/80349/4849/8761/84186/23658/25804/23404/7832/11157/10200/219988/57819/10950/23019/11044/29883/2026/22894/80153/28960/56915,0.321775918075361
hsa02010,ABC transporters,41,-0.47818646450509,-1.46496729790309,0.0426428264488058,0.327347935555333,0.294532068381979,2327,"tags=29%, list=14%, signal=25%",10351/215/6890/19/368/23461/9619/10347/9429/10060/4363/6891,0.321775918075361
hsa05020,Prion disease,237,0.363807681561223,1.46298365096849,0.0144905563465075,0.21955011755409,0.197540730253918,2598,"tags=22%, list=15%, signal=19%",1388/203068/10963/5690/7388/516/5688/3312/27089/5600/10105/5682/90550/4535/3303/4538/4696/5709/4712/1327/522/7277/1340/5687/5718/1965/5879/5704/468/5708/1457/5601/29796/6390/4726/2932/9586/291/4701/1537/9377/5603/6300/5705/10382/7417/7386/5694/778/836/774/1349/6263,0.380730400722792
hsa04310,Wnt signaling pathway,154,-0.37794092354622,-1.4624062679325,0.00823108654237332,0.152491708574495,0.137204770396226,3386,"tags=28%, list=20%, signal=22%",9350/324/7089/3725/1488/84445/6907/8325/5332/4773/8326/2239/5530/23236/5602/59343/147495/7480/5599/25776/166336/8945/6422/2487/5578/5330/817/7474/4163/7482/9620/1952/4007/144165/5176/1499/5582/57216/55366/1460/7855/81839/8323,0.380730400722792
hsa04814,Motor proteins,162,-0.38084767009324,-1.46046764620249,0.00570487393125028,0.125507226487506,0.112925419711414,3478,"tags=28%, list=21%, signal=23%",53904/55083/4646/4643/83544/4647/26153/374654/9371/124602/23303/4637/140465/23046/27175/3797/10627/63971/79819/126820/7802/51626/57644/1770/8701/1783/6993/83657/10540/1768/57576/55605/84790/1781/4649/1639/64147/3801/79659/3831/201625/55614/347240/56171/399687/200132,0.407017918923954
hsa05322,Systemic lupus erythematosus,70,-0.4258374205192,-1.44791003303912,0.0332912756530298,0.289155644169853,0.260168465144558,3475,"tags=30%, list=21%, signal=24%",8353/8355/128312/6737/55766/715/2904/716/8344/8363/730/8334/92815/333932/126961/2903/121504/720/110384692/721/3115,0.321775918075361
hsa00190,Oxidative phosphorylation,121,0.386159583220095,1.44135205796638,0.0300002377255837,0.289155644169853,0.260168465144558,4992,"tags=40%, list=30%, signal=29%",7388/516/27089/5464/4535/245973/4538/4696/4712/1327/522/1340/521/533/29796/6390/4726/10632/1352/4701/1537/9377/155066/7386/1349/6389/4513/506/90423/4508/4706/4700/6392/4702/527/4714/54539/4728/4519/4715/6391/7385/4536/27068/55967/9114/4512/4716/23545,0.352487857583619
hsa04517,IgSF CAM signaling,265,-0.352519993249871,-1.4393263922396,0.00212049229576357,0.0678557534644343,0.0610533724173105,3922,"tags=32%, list=23%, signal=25%",145581/9353/23380/5170/5058/94030/9693/9901/219699/3791/25/9788/90249/81928/3736/114798/5802/57689/3739/4067/1272/8777/5803/340156/10093/4916/2036/2534/80059/4684/4637/140465/23136/10627/22999/23705/58494/342035/5602/56924/106821730/9564/5599/5819/22865/3383/57555/5921/26047/4359/6334/2308/139065/4301/6585/5578/84790/57863/6091/3785/351/288/7430/8500/57522/253559/2260/208/51678/1499/5582/5789/4478/4897/4685/150084/6711/3690/5376/9423/9863/5063/287/79827/25945,0.431707695803346
hsa04820,Cytoskeleton in muscle cells,190,-0.366076970639779,-1.43216549927974,0.00782365353072996,0.152491708574495,0.137204770396226,2243,"tags=20%, list=13%, signal=18%",4604/7094/1301/84665/8516/7273/1287/3691/1634/85301/57644/10529/3655/6443/91977/481/3908/8082/8910/23345/3685/288/6383/25777/2318/1674/1756/6445/272/3695/29766/255631/6711/3690/83660/287/1302/6641,0.380730400722792
hsa04142,Lysosome biogenesis,234,-0.352638075067395,-1.42434796345274,0.00421852183862812,0.0989946458131398,0.089070663423069,2717,"tags=22%, list=16%, signal=19%",6609/10325/3920/2588/27074/411/2519/1497/23553/54785/26088/79641/8905/1203/162/9179/1200/11154/4126/9894/5476/53/1173/534/1519/55014/120103/23312/6448/23461/175/9516/3425/8673/410/5660/3073/23335/3373/3916/114879/256471/4669/3074/1509/1515/7098/64798/138050/10577/2720/2629,0.407017918923954
hsa05012,Parkinson disease,244,0.34091275443608,1.39518469213545,0.0205724871280796,0.258625552467287,0.232698943939869,2626,"tags=22%, list=16%, signal=19%",1616/4137/203068/5690/7388/516/5688/27089/10105/5682/90550/5413/4535/51465/7295/64116/29985/4538/4696/7332/5709/4712/1327/522/7277/1340/5687/5718/1965/5704/468/7157/7494/5708/5601/29796/6390/6571/4726/291/4701/1537/9377/7327/5705/10382/7417/7386/5694/836/1349/6263/7311,0.352487857583619
hsa05166,Human T-cell leukemia virus 1 infection,189,0.346555636228127,1.38397033225263,0.0410947947255369,0.327347935555333,0.294532068381979,2548,"tags=21%, list=15%, signal=18%",3105/1388/5902/8881/109/9184/1026/1111/196883/25847/3106/4775/8295/7048/8061/2224/898/468/7157/2002/3561/5601/4088/4790/4893/9586/291/1019/1871/4488/5901/7417/51529/5423/4085/9134/1870/23373/7514/5728,0.321775918075361
hsa05164,Influenza A,122,-0.370164910595319,-1.37943978139129,0.0378961303241247,0.310219485443998,0.279120705451248,1985,"tags=17%, list=12%, signal=15%",10379/79671/3383/6773/64135/5578/7099/10241/9641/8106/7132/208/6347/5610/7098/841/9021/8517/3665/6041/3115,0.321775918075361
hsa04360,Axon guidance,174,-0.344595818833713,-1.3501291783843,0.0325106269411366,0.289155644169853,0.260168465144558,3920,"tags=30%, list=23%, signal=24%",9353/23380/5170/5058/10512/1947/54961/6237/9901/7976/219699/25/5364/90249/4756/2043/27289/57689/10501/6469/4773/64101/84628/285220/2534/3611/22854/56896/10627/5530/2051/56924/106821730/1946/151449/5921/6585/5578/6091/817/7474/7869/10371/9037/57522/54437/59277/1949/2770/7223/9423/5063/7220,0.321775918075361
hsa05014,Amyotrophic lateral sclerosis,337,0.319578577746579,1.34896621516997,0.017329129695704,0.2346097558803,0.211090674956573,2555,"tags=22%, list=15%, signal=19%",1616/203068/5690/7388/516/10280/29107/5688/27089/55706/60673/9217/55567/9631/348995/5600/5682/90550/4535/6432/4842/4538/4696/9542/10189/5709/196385/10452/4712/1327/4686/522/7277/847/1340/5687/5718/1965/5879/10718/2521/5704/468/7157/4744/7494/29979/5708/9688/9972/29796/220988/6390/4726/9818/55062/11273/4701/1537/57122/9377/100101267/5603/7133/6300/5705/10382/5606/81929/7386/23511/5694/836/129401/1349,0.352487857583619
hsa05168,Herpes simplex virus 1 infection,140,-0.355290917022789,-1.3479248771293,0.0310255429566978,0.289155644169853,0.260168465144558,1548,"tags=16%, list=9%, signal=15%",598/6773/64135/2923/9641/567/7188/7132/208/6347/340061/5610/7098/6430/3690/841/9021/8517/3665/6891/55080/6041/3115,0.352487857583619
hsa04081,Hormone signaling,135,-0.348423205337348,-1.34015026999057,0.0436724235971297,0.327347935555333,0.294532068381979,2462,"tags=23%, list=15%, signal=20%",3667/6752/23236/5618/1395/147/2778/268/2852/2791/112/5021/5330/6567/154/1813/10267/3685/2847/3953/108/2057/54331/9630/2770/2696/3690/6774/59345/4882/53919,0.321775918075361
hsa05170,Human immunodeficiency virus 1 infection,179,-0.329241005956707,-1.28489718498547,0.0461538461538462,0.327347935555333,0.294532068381979,2409,"tags=23%, list=14%, signal=20%",3661/2185/5530/842/5602/6890/56924/106821730/3107/8905/162/5609/2791/5599/8945/598/200316/5578/2923/7099/85363/91860/805/8737/472/567/25939/7188/7132/54331/208/340061/5582/2770/841/920/5063/59345/8517/6891/55080,0.276500599254472
